_Section_,Date,Type,Net_SOL,SOL_Out,SOL_In,Source,Description,Signature,Token_Contract,Invested_SOL,Returned_SOL,Total_Trades,Profit_SOL,Status,Symbol,Mint,Market_Cap_USD,Liquidity_USD,Liq_to_MCap_%,Price_USD,DEX,Token,Holding_Time_Sec,Total_Tx_Fees_SOL,Net_PnL_SOL,Buy_Time,SOL_Spent,Tokens_Received,Sell_Time,SOL_Received,Tokens_Sold,Price_Per_1M_SOL,Age_At_Buy_Minutes,Token_Mint,Total_Invested_SOL,Total_Returned_SOL,Trades_Count,Net_Profit_SOL
All_Helius_Tx,2026-10-09 15:09:16,خروج / شراء 🔴,-0.0139,0.0139,0.0,PUMP_AMM,,221JbkyVA6Uy...,,,,,,,,,,,,,,,,,,,,,,,,,,,,,,
All_Helius_Tx,2026-10-09 13:47:30,دخول / بيع 🟢,1.0225,0.0106,1.0331,PUMP_AMM,,5Gnd8tEZANYR...,,,,,,,,,,,,,,,,,,,,,,,,,,,,,,
All_Helius_Tx,2026-10-09 13:44:44,دخول / بيع 🟢,0.6924,0.0073,0.6997,PUMP_AMM,,3x6bXKv7pmim...,,,,,,,,,,,,,,,,,,,,,,,,,,,,,,
All_Helius_Tx,2026-10-09 13:18:25,خروج / شراء 🔴,-0.0139,0.0139,0.0,PUMP_AMM,,3j5GDGbkttsB...,,,,,,,,,,,,,,,,,,,,,,,,,,,,,,
All_Helius_Tx,2026-10-09 11:17:41,خروج / شراء 🔴,-0.0139,0.0139,0.0,PUMP_AMM,,2H2WTYsNrCdA...,,,,,,,,,,,,,,,,,,,,,,,,,,,,,,
All_Helius_Tx,2026-10-09 09:08:52,دخول / بيع 🟢,0.9288,0.0097,0.9385,PUMP_AMM,,4YbV7iv4zA61...,,,,,,,,,,,,,,,,,,,,,,,,,,,,,,
All_Helius_Tx,2026-10-09 05:26:10,خروج / شراء 🔴,-0.0139,0.0139,0.0,PUMP_AMM,,2SdVMW3XNvbg...,,,,,,,,,,,,,,,,,,,,,,,,,,,,,,
All_Helius_Tx,2026-10-09 02:58:02,دخول / بيع 🟢,1.1523,0.0119,1.1643,PUMP_AMM,,5MMJ6WxaoJ1g...,,,,,,,,,,,,,,,,,,,,,,,,,,,,,,
All_Helius_Tx,2026-10-09 02:47:36,خروج / شراء 🔴,-0.0139,0.0139,0.0,PUMP_AMM,,54WeaxA3GCPj...,,,,,,,,,,,,,,,,,,,,,,,,,,,,,,
All_Helius_Tx,2026-10-09 00:20:58,دخول / بيع 🟢,1.1047,0.0115,1.1161,PUMP_AMM,,2rmLRVvTeVFq...,,,,,,,,,,,,,,,,,,,,,,,,,,,,,,
All_Helius_Tx,2026-10-08 15:31:48,خروج / شراء 🔴,-0.0139,0.0139,0.0,PUMP_AMM,,3t1fuBpf76s3...,,,,,,,,,,,,,,,,,,,,,,,,,,,,,,
All_Helius_Tx,2026-10-08 14:10:31,دخول / بيع 🟢,0.0,0.0,0.0,SYSTEM_PROGRAM,GmeaHNsGeQaVFS8XLeQZ3qw9ecU3wXk1ErV4y4RyKVTX transferred 0.00001 SOL to 2dV2AzutJpBMDGzW2VS2LEFnVoqHxEGKq5J1UWnKC2Vb.,4Gh8wEmHfEYv...,,,,,,,,,,,,,,,,,,,,,,,,,,,,,,
All_Helius_Tx,2026-10-08 14:09:32,دخول / بيع 🟢,0.0,0.0,0.0,SYSTEM_PROGRAM,GmeaWan6875gZcWEa6APe7gyhLdQgTN8fNFTtAJR4VTX transferred 0.000001 SOL to 2dV2AzutJpBMDGzW2VS2LEFnVoqHxEGKq5J1UWnKC2Vb.,2sFVTyVsjz1n...,,,,,,,,,,,,,,,,,,,,,,,,,,,,,,
All_Helius_Tx,2026-10-08 14:08:42,خروج / شراء 🔴,-8.0,8.0,0.0,SYSTEM_PROGRAM,2dV2AzutJpBMDGzW2VS2LEFnVoqHxEGKq5J1UWnKC2Vb transferred 8 SOL to Gmeap2HJ8SHsCRZAAaNU8JvC3mfienyAeGrLtkjWKVTX.,4614PqCFjJ8S...,,,,,,,,,,,,,,,,,,,,,,,,,,,,,,
All_Helius_Tx,2026-10-08 14:08:42,خروج / شراء 🔴,-0.0,0.0,0.0,SYSTEM_PROGRAM,2dV2AzutJpBMDGzW2VS2LEFnVoqHxEGKq5J1UWnKC2Vb transferred 0.000007099 SOL to DttWaMuVvTiduZRnguLF7jNxTgiMBZ1hyAumKUiL2KRL.,62C1PA2UJm9m...,,,,,,,,,,,,,,,,,,,,,,,,,,,,,,
All_Helius_Tx,2026-10-08 14:01:39,دخول / بيع 🟢,0.7243,0.0076,0.7319,PUMP_AMM,,35tdk9TG2SEX...,,,,,,,,,,,,,,,,,,,,,,,,,,,,,,
All_Helius_Tx,2026-10-08 13:57:46,دخول / بيع 🟢,1.1184,0.0116,1.13,PUMP_AMM,,tQ23sZy4YnJ1...,,,,,,,,,,,,,,,,,,,,,,,,,,,,,,
All_Helius_Tx,2026-10-08 13:57:24,دخول / بيع 🟢,0.5112,0.0052,0.5163,PUMP_AMM,,SY8emFmEmeMK...,,,,,,,,,,,,,,,,,,,,,,,,,,,,,,
All_Helius_Tx,2026-10-08 13:56:42,دخول / بيع 🟢,1.0256,0.0107,1.0363,PUMP_AMM,,3PB73DZ2hxDm...,,,,,,,,,,,,,,,,,,,,,,,,,,,,,,
All_Helius_Tx,2026-10-08 13:56:24,دخول / بيع 🟢,1.0293,0.0107,1.04,PUMP_AMM,,4LYXkJZYJkYr...,,,,,,,,,,,,,,,,,,,,,,,,,,,,,,
All_Helius_Tx,2026-10-08 13:55:48,دخول / بيع 🟢,1.15,0.0119,1.1619,PUMP_AMM,,HcXthhhH1LAE...,,,,,,,,,,,,,,,,,,,,,,,,,,,,,,
All_Helius_Tx,2026-10-08 13:55:19,دخول / بيع 🟢,1.1654,0.0121,1.1775,PUMP_AMM,,4NgCjzWDhnmq...,,,,,,,,,,,,,,,,,,,,,,,,,,,,,,
All_Helius_Tx,2026-10-08 13:54:58,دخول / بيع 🟢,1.1867,0.0123,1.199,PUMP_AMM,,3AXTZrcZdwDw...,,,,,,,,,,,,,,,,,,,,,,,,,,,,,,
All_Helius_Tx,2026-10-08 13:54:44,دخول / بيع 🟢,1.2311,0.0127,1.2439,PUMP_AMM,,495XTsCwAgFt...,,,,,,,,,,,,,,,,,,,,,,,,,,,,,,
All_Helius_Tx,2026-10-08 13:51:03,دخول / بيع 🟢,1.8199,0.0187,1.8386,PUMP_AMM,,29EJefNo157v...,,,,,,,,,,,,,,,,,,,,,,,,,,,,,,
All_Helius_Tx,2026-10-08 03:20:11,خروج / شراء 🔴,-0.0139,0.0139,0.0,PUMP_AMM,,2SxJbHRJLzuX...,,,,,,,,,,,,,,,,,,,,,,,,,,,,,,
All_Helius_Tx,2026-10-08 02:16:53,دخول / بيع 🟢,0.5315,0.0057,0.5372,PUMP_AMM,,5dFpJLM1N1eV...,,,,,,,,,,,,,,,,,,,,,,,,,,,,,,
All_Helius_Tx,2026-10-08 02:15:46,دخول / بيع 🟢,1.0958,0.0114,1.1072,PUMP_AMM,,4cvDaMFtgCyc...,,,,,,,,,,,,,,,,,,,,,,,,,,,,,,
All_Helius_Tx,2026-10-07 23:28:52,خروج / شراء 🔴,-0.0139,0.0139,0.0,PUMP_AMM,,24wMGzCmEU9q...,,,,,,,,,,,,,,,,,,,,,,,,,,,,,,
All_Helius_Tx,2026-10-07 23:21:13,خروج / شراء 🔴,-0.0191,0.0191,0.0,PUMP_AMM,,5FEDzy4ysCLp...,,,,,,,,,,,,,,,,,,,,,,,,,,,,,,
All_Helius_Tx,2026-10-07 17:18:07,خروج / شراء 🔴,-0.0139,0.0139,0.0,PUMP_AMM,,3kEW1YPbexGV...,,,,,,,,,,,,,,,,,,,,,,,,,,,,,,
All_Helius_Tx,2026-10-07 14:09:59,دخول / بيع 🟢,1.229,0.0127,1.2418,PUMP_AMM,,2TNoKi9eUYe6...,,,,,,,,,,,,,,,,,,,,,,,,,,,,,,
All_Helius_Tx,2026-10-07 13:17:21,دخول / بيع 🟢,1.7814,0.0183,1.7997,PUMP_AMM,,39YaLHVxfg3P...,,,,,,,,,,,,,,,,,,,,,,,,,,,,,,
All_Helius_Tx,2026-10-07 13:10:55,خروج / شراء 🔴,-0.0139,0.0139,0.0,PUMP_AMM,,2FTxP6Es5cv8...,,,,,,,,,,,,,,,,,,,,,,,,,,,,,,
All_Helius_Tx,2026-10-07 08:04:41,خروج / شراء 🔴,-0.0139,0.0139,0.0,PUMP_AMM,,5TCChiDTSdiL...,,,,,,,,,,,,,,,,,,,,,,,,,,,,,,
All_Helius_Tx,2026-10-07 06:01:13,دخول / بيع 🟢,1.0862,0.011,1.0972,PUMP_AMM,,4eqFjHHiyySj...,,,,,,,,,,,,,,,,,,,,,,,,,,,,,,
All_Helius_Tx,2026-10-07 05:28:48,دخول / بيع 🟢,1.5072,0.0152,1.5224,PUMP_AMM,,3BNUp8sjHvLz...,,,,,,,,,,,,,,,,,,,,,,,,,,,,,,
All_Helius_Tx,2026-10-07 04:49:53,دخول / بيع 🟢,1.0605,0.011,1.0716,PUMP_AMM,,5LARXDJx8MBL...,,,,,,,,,,,,,,,,,,,,,,,,,,,,,,
All_Helius_Tx,2026-10-07 04:48:07,خروج / شراء 🔴,-0.0139,0.0139,0.0,PUMP_AMM,,5PWUDLoNUgSw...,,,,,,,,,,,,,,,,,,,,,,,,,,,,,,
All_Helius_Tx,2026-10-07 04:42:29,خروج / شراء 🔴,-0.0139,0.0139,0.0,PUMP_AMM,,4jJj9y3HTtGH...,,,,,,,,,,,,,,,,,,,,,,,,,,,,,,
All_Helius_Tx,2026-10-07 04:13:08,خروج / شراء 🔴,-0.0191,0.0191,0.0,PUMP_AMM,,648zPBSQ3SDg...,,,,,,,,,,,,,,,,,,,,,,,,,,,,,,
All_Helius_Tx,2026-10-07 04:13:03,خروج / شراء 🔴,-0.0139,0.0139,0.0,PUMP_AMM,,3QedZuoWR3vy...,,,,,,,,,,,,,,,,,,,,,,,,,,,,,,
All_Helius_Tx,2026-10-07 02:06:41,خروج / شراء 🔴,-0.0139,0.0139,0.0,PUMP_AMM,,4iyCBKQE9NRf...,,,,,,,,,,,,,,,,,,,,,,,,,,,,,,
All_Helius_Tx,2026-10-06 18:53:14,دخول / بيع 🟢,1.8643,0.0191,1.8835,PUMP_AMM,,2bEfQySXb9jN...,,,,,,,,,,,,,,,,,,,,,,,,,,,,,,
All_Helius_Tx,2026-10-06 12:17:41,دخول / بيع 🟢,2.5315,0.0259,2.5574,PUMP_AMM,,64665coAfuWi...,,,,,,,,,,,,,,,,,,,,,,,,,,,,,,
All_Helius_Tx,2026-10-06 12:01:45,خروج / شراء 🔴,-0.0149,0.0149,0.0,PUMP_AMM,,5zHh1dDw3wCX...,,,,,,,,,,,,,,,,,,,,,,,,,,,,,,
All_Helius_Tx,2026-10-06 08:43:38,دخول / بيع 🟢,1.0868,0.0111,1.0979,PUMP_AMM,,3vfAEkK4q7jH...,,,,,,,,,,,,,,,,,,,,,,,,,,,,,,
All_Helius_Tx,2026-10-06 07:58:13,خروج / شراء 🔴,-0.0191,0.0191,0.0,PUMP_AMM,,3m5Z7BC31eBD...,,,,,,,,,,,,,,,,,,,,,,,,,,,,,,
All_Helius_Tx,2026-10-06 01:44:39,دخول / بيع 🟢,0.5552,0.0056,0.5609,PUMP_AMM,,CVBTCnMZY7BR...,,,,,,,,,,,,,,,,,,,,,,,,,,,,,,
All_Helius_Tx,2026-10-05 23:54:49,خروج / شراء 🔴,-0.0139,0.0139,0.0,PUMP_AMM,,4NAJQsr6eJX9...,,,,,,,,,,,,,,,,,,,,,,,,,,,,,,
All_Helius_Tx,2026-10-05 22:02:00,دخول / بيع 🟢,1.2482,0.0128,1.261,PUMP_AMM,,3cEHr6Z7AESH...,,,,,,,,,,,,,,,,,,,,,,,,,,,,,,
All_Helius_Tx,2026-10-05 19:11:42,دخول / بيع 🟢,0.0,0.0,0.0,SYSTEM_PROGRAM,GmeaHNsGeQaVFS8XLeQZ3qw9ecU3wXk1ErV4y4RyKVTX transferred 0.00001 SOL to 2dV2AzutJpBMDGzW2VS2LEFnVoqHxEGKq5J1UWnKC2Vb.,cbHc8RbHidui...,,,,,,,,,,,,,,,,,,,,,,,,,,,,,,
All_Helius_Tx,2026-10-05 19:10:56,دخول / بيع 🟢,0.0,0.0,0.0,SYSTEM_PROGRAM,GmeaWan6875gZcWEa6APe7gyhLdQgTN8fNFTtAJR4VTX transferred 0.000001 SOL to 2dV2AzutJpBMDGzW2VS2LEFnVoqHxEGKq5J1UWnKC2Vb.,3qrFhS7mpj2o...,,,,,,,,,,,,,,,,,,,,,,,,,,,,,,
All_Helius_Tx,2026-10-05 19:10:09,خروج / شراء 🔴,-5.0,5.0,0.0,SYSTEM_PROGRAM,2dV2AzutJpBMDGzW2VS2LEFnVoqHxEGKq5J1UWnKC2Vb transferred 5 SOL to Gmeap2HJ8SHsCRZAAaNU8JvC3mfienyAeGrLtkjWKVTX.,3CZKYSQqGj6U...,,,,,,,,,,,,,,,,,,,,,,,,,,,,,,
All_Helius_Tx,2026-10-05 19:10:09,خروج / شراء 🔴,-0.0,0.0,0.0,SYSTEM_PROGRAM,2dV2AzutJpBMDGzW2VS2LEFnVoqHxEGKq5J1UWnKC2Vb transferred 0.000017577 SOL to DfXygSm4jCyNCybVYYK6DwvWqjKee8pbDmJGcLWNDXjh.,5RdEAYiVWMyS...,,,,,,,,,,,,,,,,,,,,,,,,,,,,,,
All_Helius_Tx,2026-10-05 19:09:07,دخول / بيع 🟢,1.2185,0.0123,1.2308,PUMP_AMM,,47wo83EkUAiZ...,,,,,,,,,,,,,,,,,,,,,,,,,,,,,,
All_Helius_Tx,2026-10-05 19:06:23,دخول / بيع 🟢,1.4146,0.0143,1.4289,PUMP_AMM,,3AVck42p6hzi...,,,,,,,,,,,,,,,,,,,,,,,,,,,,,,
All_Helius_Tx,2026-10-05 14:03:38,دخول / بيع 🟢,0.0,0.0,0.0,SYSTEM_PROGRAM,HwBZi8ngW6auUrBy6SXWUFPNnwxK2npt5PE3S78ZS7Fj transferred a total 0.000005019 SOL to multiple accounts.,62qhdAQQTGx3...,,,,,,,,,,,,,,,,,,,,,,,,,,,,,,
All_Helius_Tx,2026-10-05 14:03:24,خروج / شراء 🔴,-0.0139,0.0139,0.0,PUMP_AMM,,3czepaaxovw1...,,,,,,,,,,,,,,,,,,,,,,,,,,,,,,
All_Helius_Tx,2026-10-05 10:24:18,دخول / بيع 🟢,0.0,0.0,0.0,SYSTEM_PROGRAM,CHRnPPkfg5CdLiNhyKoJxRae9abckU4iVGeX4Z522gEH transferred a total 0.000005019 SOL to multiple accounts.,2rLRCKTQ9pEz...,,,,,,,,,,,,,,,,,,,,,,,,,,,,,,
All_Helius_Tx,2026-10-05 10:23:59,دخول / بيع 🟢,0.931,0.0097,0.9408,PUMP_AMM,,2cLTCduSRVWg...,,,,,,,,,,,,,,,,,,,,,,,,,,,,,,
All_Helius_Tx,2026-10-05 06:40:00,دخول / بيع 🟢,1.1797,0.0122,1.1919,PUMP_AMM,,2ZRMLSVLnXts...,,,,,,,,,,,,,,,,,,,,,,,,,,,,,,
All_Helius_Tx,2026-10-05 06:32:22,دخول / بيع 🟢,0.0,0.0,0.0,SYSTEM_PROGRAM,5WcJofxCYhS3GCFNX2Bd63RvTAoEW6FXJ2FZ6fWEemKW transferred a total 0.000005015 SOL to multiple accounts.,21MvKTRzLNFn...,,,,,,,,,,,,,,,,,,,,,,,,,,,,,,
All_Helius_Tx,2026-10-05 06:32:14,دخول / بيع 🟢,2.2634,0.0232,2.2866,PUMP_AMM,,2CpXaW68JMzZ...,,,,,,,,,,,,,,,,,,,,,,,,,,,,,,
All_Helius_Tx,2026-10-05 04:01:49,خروج / شراء 🔴,-0.0139,0.0139,0.0,PUMP_AMM,,65cCnBidNTv5...,,,,,,,,,,,,,,,,,,,,,,,,,,,,,,
All_Helius_Tx,2026-10-05 03:49:50,دخول / بيع 🟢,0.9766,0.0107,0.9872,PUMP_AMM,,3tEWeRQWKehY...,,,,,,,,,,,,,,,,,,,,,,,,,,,,,,
All_Helius_Tx,2026-10-05 03:47:38,دخول / بيع 🟢,0.0,0.0,0.0,SYSTEM_PROGRAM,C5ASqs52kVH3XLMpRTEZRWEzfRLjqQFE8bMK3vzRejXX transferred a total 0.000005019 SOL to multiple accounts.,39BJ4tiHiMxB...,,,,,,,,,,,,,,,,,,,,,,,,,,,,,,
All_Helius_Tx,2026-10-05 03:47:30,خروج / شراء 🔴,-0.0139,0.0139,0.0,PUMP_AMM,,M9QVcDLpt4iS...,,,,,,,,,,,,,,,,,,,,,,,,,,,,,,
All_Helius_Tx,2026-10-05 02:00:45,دخول / بيع 🟢,0.0,0.0,0.0,SYSTEM_PROGRAM,A4NxFxKwNXJkhNQ5ZCEGNPVjNhYQyKnE18DASKEWasrV transferred a total 0.000005062 SOL to multiple accounts.,2T2j7KZgdyeb...,,,,,,,,,,,,,,,,,,,,,,,,,,,,,,
All_Helius_Tx,2026-10-05 01:54:50,دخول / بيع 🟢,0.0,0.0,0.0,SYSTEM_PROGRAM,8cWLvT6PZyoffxMsBRUBN9NET194xvoBNv63cntKXgoc transferred a total 0.000005019 SOL to multiple accounts.,MSbKVX2xZUJM...,,,,,,,,,,,,,,,,,,,,,,,,,,,,,,
All_Helius_Tx,2026-10-05 01:54:20,دخول / بيع 🟢,0.9767,0.01,0.9866,PUMP_AMM,,2eETuUda6Qrb...,,,,,,,,,,,,,,,,,,,,,,,,,,,,,,
All_Helius_Tx,2026-10-04 19:39:24,خروج / شراء 🔴,-0.0159,0.0159,0.0,PUMP_AMM,,4bTmRnHXaGgZ...,,,,,,,,,,,,,,,,,,,,,,,,,,,,,,
All_Helius_Tx,2026-10-04 19:10:58,دخول / بيع 🟢,1.1387,0.0115,1.1502,PUMP_AMM,,7jWCZQQQm7oF...,,,,,,,,,,,,,,,,,,,,,,,,,,,,,,
All_Helius_Tx,2026-10-04 18:43:44,دخول / بيع 🟢,0.0,0.0,0.0,SYSTEM_PROGRAM,5R5j3ZbRDLw5Ksy3KjaH1B8VFicDV9ex76QK81jsSf5b transferred a total 0.000005019 SOL to multiple accounts.,3ZaJtD7RJPL2...,,,,,,,,,,,,,,,,,,,,,,,,,,,,,,
All_Helius_Tx,2026-10-04 18:43:20,دخول / بيع 🟢,1.6261,0.0167,1.6429,PUMP_AMM,,5gPgZvB2t1U4...,,,,,,,,,,,,,,,,,,,,,,,,,,,,,,
All_Helius_Tx,2026-10-04 17:58:57,دخول / بيع 🟢,0.0,0.0,0.0,SYSTEM_PROGRAM,HHJ63diumVEnZQPj3JaMuZdRvJfv9p2rrt1QX4akH3hc transferred a total 0.000005019 SOL to multiple accounts.,4fkhetoWFSXF...,,,,,,,,,,,,,,,,,,,,,,,,,,,,,,
All_Helius_Tx,2026-10-04 17:58:41,خروج / شراء 🔴,-0.0159,0.0159,0.0,PUMP_AMM,,4azKQ6NU3Cpu...,,,,,,,,,,,,,,,,,,,,,,,,,,,,,,
All_Helius_Tx,2026-10-04 14:33:27,دخول / بيع 🟢,0.0,0.0,0.0,SYSTEM_PROGRAM,4XxKKunRv6ZjcPXiVHq7WwTvm44KyENJQLqcSrcmnj45 transferred a total 0.000005019 SOL to multiple accounts.,5y1TuQoYJZ3k...,,,,,,,,,,,,,,,,,,,,,,,,,,,,,,
All_Helius_Tx,2026-10-04 14:33:04,خروج / شراء 🔴,-0.0159,0.0159,0.0,PUMP_AMM,,qgqfdABF1o3c...,,,,,,,,,,,,,,,,,,,,,,,,,,,,,,
All_Helius_Tx,2026-10-04 08:52:01,دخول / بيع 🟢,1.3786,0.0142,1.3929,PUMP_AMM,,pXQ27DrhZ6Rq...,,,,,,,,,,,,,,,,,,,,,,,,,,,,,,
All_Helius_Tx,2026-10-04 08:51:04,دخول / بيع 🟢,0.0,0.0,0.0,SYSTEM_PROGRAM,Evhf6WySBQm3KmMRpUKjH7h7CQpb54VbqRiCorbbVRxR transferred a total 0.000005018 SOL to multiple accounts.,3G4kMjC5WD9J...,,,,,,,,,,,,,,,,,,,,,,,,,,,,,,
All_Helius_Tx,2026-10-04 08:50:43,دخول / بيع 🟢,1.3832,0.0143,1.3975,PUMP_AMM,,2ETXrX16pase...,,,,,,,,,,,,,,,,,,,,,,,,,,,,,,
All_Helius_Tx,2026-10-04 07:41:11,دخول / بيع 🟢,0.0,0.0,0.0,SYSTEM_PROGRAM,D2qZtyYUhiQuvdA6SocpPzxX414qKGRTBzf14z4kkteG transferred a total 0.000005018 SOL to multiple accounts.,3sddLJQrza4H...,,,,,,,,,,,,,,,,,,,,,,,,,,,,,,
All_Helius_Tx,2026-10-04 07:41:08,خروج / شراء 🔴,-0.0159,0.0159,0.0,PUMP_AMM,,2sco9F9XNf8u...,,,,,,,,,,,,,,,,,,,,,,,,,,,,,,
All_Helius_Tx,2026-10-03 20:14:28,دخول / بيع 🟢,1.0068,0.011,1.0178,PUMP_AMM,,1Q5VEvfV5TMW...,,,,,,,,,,,,,,,,,,,,,,,,,,,,,,
All_Helius_Tx,2026-10-03 19:55:46,دخول / بيع 🟢,0.0,0.0,0.0,SYSTEM_PROGRAM,CHRnPPkfg5CdLiNhyKoJxRae9abckU4iVGeX4Z522gEH transferred a total 0.000005019 SOL to multiple accounts.,4kQCGVAFiStZ...,,,,,,,,,,,,,,,,,,,,,,,,,,,,,,
All_Helius_Tx,2026-10-03 19:55:41,خروج / شراء 🔴,-0.0164,0.0164,0.0,PUMP_AMM,,67GTFqS6X1Sg...,,,,,,,,,,,,,,,,,,,,,,,,,,,,,,
All_Helius_Tx,2026-10-03 15:38:43,دخول / بيع 🟢,0.0,0.0,0.0,SYSTEM_PROGRAM,GmeaHNsGeQaVFS8XLeQZ3qw9ecU3wXk1ErV4y4RyKVTX transferred 0.00001 SOL to 2dV2AzutJpBMDGzW2VS2LEFnVoqHxEGKq5J1UWnKC2Vb.,4nCzs9fcioUC...,,,,,,,,,,,,,,,,,,,,,,,,,,,,,,
All_Helius_Tx,2026-10-03 15:37:09,خروج / شراء 🔴,-6.0,6.0,0.0,SYSTEM_PROGRAM,2dV2AzutJpBMDGzW2VS2LEFnVoqHxEGKq5J1UWnKC2Vb transferred 6 SOL to Gmeap2HJ8SHsCRZAAaNU8JvC3mfienyAeGrLtkjWKVTX.,4JN8vFUJheVR...,,,,,,,,,,,,,,,,,,,,,,,,,,,,,,
All_Helius_Tx,2026-10-03 15:37:09,خروج / شراء 🔴,-0.0,0.0,0.0,SYSTEM_PROGRAM,2dV2AzutJpBMDGzW2VS2LEFnVoqHxEGKq5J1UWnKC2Vb transferred 0.00001 SOL to 96gYZGLnJYVFmbjzopPSU6QiEV5fGqZNyN9nmNhvrZU5.,5XgoTd84zGC9...,,,,,,,,,,,,,,,,,,,,,,,,,,,,,,
All_Helius_Tx,2026-10-03 15:23:40,دخول / بيع 🟢,0.0,0.0,0.0,SYSTEM_PROGRAM,2yVUafPEY1phGPQv8uhe3YA6ocK5aR38M7YgD15sCQRX transferred a total 0.000005019 SOL to multiple accounts.,5QDdkwtDwz5R...,,,,,,,,,,,,,,,,,,,,,,,,,,,,,,
All_Helius_Tx,2026-10-03 15:23:37,دخول / بيع 🟢,2.3417,0.0238,2.3655,PUMP_AMM,,zodCGi3s23M2...,,,,,,,,,,,,,,,,,,,,,,,,,,,,,,
All_Helius_Tx,2026-10-03 14:21:52,دخول / بيع 🟢,1.2325,0.0128,1.2453,PUMP_AMM,,5fYQetBccboQ...,,,,,,,,,,,,,,,,,,,,,,,,,,,,,,
All_Helius_Tx,2026-10-03 14:14:59,دخول / بيع 🟢,0.9054,0.0094,0.9148,PUMP_AMM,,2WS8U8oJ1uvQ...,,,,,,,,,,,,,,,,,,,,,,,,,,,,,,
All_Helius_Tx,2026-10-03 14:11:31,دخول / بيع 🟢,0.0,0.0,0.0,SYSTEM_PROGRAM,6mbJLX3qRNDYcqqtXUt81sDEETHA5CLXNMTMKngSoBGP transferred a total 0.000005019 SOL to multiple accounts.,4Gx49pmwHjbd...,,,,,,,,,,,,,,,,,,,,,,,,,,,,,,
All_Helius_Tx,2026-10-03 14:11:16,دخول / بيع 🟢,0.6557,0.0069,0.6626,PUMP_AMM,,21KzqmFbtWc6...,,,,,,,,,,,,,,,,,,,,,,,,,,,,,,
All_Helius_Tx,2026-10-03 09:05:46,دخول / بيع 🟢,0.0,0.0,0.0,SYSTEM_PROGRAM,2yVUafPEY1phGPQv8uhe3YA6ocK5aR38M7YgD15sCQRX transferred a total 0.000005019 SOL to multiple accounts.,4vFWu7FFKPy4...,,,,,,,,,,,,,,,,,,,,,,,,,,,,,,
All_Helius_Tx,2026-10-03 09:05:45,خروج / شراء 🔴,-0.0149,0.0149,0.0,PUMP_AMM,,9Y4aMY3LUWpH...,,,,,,,,,,,,,,,,,,,,,,,,,,,,,,
All_Helius_Tx,2026-10-03 07:43:43,دخول / بيع 🟢,0.0,0.0,0.0,SYSTEM_PROGRAM,E43vvTDY6hgjSGkaDWCQZx1df8Y2SPLuJDLcyVGraLkE transferred a total 0.000005019 SOL to multiple accounts.,36VM6sxhsrXJ...,,,,,,,,,,,,,,,,,,,,,,,,,,,,,,
All_Helius_Tx,2026-10-03 07:43:34,دخول / بيع 🟢,0.9654,0.0101,0.9755,PUMP_AMM,,34zMUj4qW7fn...,,,,,,,,,,,,,,,,,,,,,,,,,,,,,,
Tokens_PnL_Detailed,,,,,,,,,1Atst4LcMEYfAXACbCaBpdk166CU8eopNkjyD8jpump,0.0,1.4138,1.0,1.4138,ربح 🟢,,,,,,,,,,,,,,,,,,,,,,,,
Tokens_PnL_Detailed,,,,,,,,,4cYJ8eGZaKMF1iuoUXskhfTHSi6VxL7Jq7xaTJHbpump,1.0219,1.5064,2.0,0.4844999999999999,ربح 🟢,,,,,,,,,,,,,,,,,,,,,,,,
Tokens_PnL_Detailed,,,,,,,,,5iURQEWL4NcbqhXRnhssfCzhAnghWbEGUoTWiWhpump,1.5291,2.5312,2.0,1.0021000000000002,ربح 🟢,,,,,,,,,,,,,,,,,,,,,,,,
Tokens_PnL_Detailed,,,,,,,,,6BfTBNYJcZW9AnxRQ7aAx4Luf2K4BpmWpR7FWTPZpump,0.0,0.6554,1.0,0.6554,ربح 🟢,,,,,,,,,,,,,,,,,,,,,,,,
Tokens_PnL_Detailed,,,,,,,,,6DWHBW3R5NE2LUShJRbvDyi9GZ8Hz4EFFRgcfP3apump,1.0199,2.6689,4.0,1.6489999999999998,ربح 🟢,,,,,,,,,,,,,,,,,,,,,,,,
Tokens_PnL_Detailed,,,,,,,,,6WbiJtjXoNpLH6GhSvDX4HqRUN3ShQgxsk56Synpump,1.0209,3.1781,4.0,2.1572,ربح 🟢,,,,,,,,,,,,,,,,,,,,,,,,
Tokens_PnL_Detailed,,,,,,,,,6bcjVdK2k9AS3cH4wEzc5x61myRLLAEkTSxwzVygpump,1.0164,1.0602,2.0,0.0438,ربح 🟢,,,,,,,,,,,,,,,,,,,,,,,,
Tokens_PnL_Detailed,,,,,,,,,AQ7A9nsCcrfbftRq2kfFjCkaG6NicixZ1Vy4RZ4Hpump,1.0249,1.0222,2.0,-0.0026999999999999,خسارة 🔴,,,,,,,,,,,,,,,,,,,,,,,,
Tokens_PnL_Detailed,,,,,,,,,Bm7Uxam9efqL8gu9CX5kZ3A7t5nj2v2titSC7nnpump,1.0239,0.0,1.0,-1.0239,خسارة 🔴,,,,,,,,,,,,,,,,,,,,,,,,
Tokens_PnL_Detailed,,,,,,,,,CnrPtHUeeM6QtHjkEArLF68B2pf2TvhJfSvShaQpump,0.0,1.0416,2.0,1.0416,ربح 🟢,,,,,,,,,,,,,,,,,,,,,,,,
Tokens_PnL_Detailed,,,,,,,,,DBoeuAaioaQSqDMD4vwKUZLFcXyCS9S6tRfkENQXpump,0.0,0.9307,1.0,0.9307,ربح 🟢,,,,,,,,,,,,,,,,,,,,,,,,
Tokens_PnL_Detailed,,,,,,,,,DgrnPbwNC2s2CQtVR8QNptZoG95MZd2Sirvfeoe4pump,1.0249,1.152,2.0,0.1271,ربح 🟢,,,,,,,,,,,,,,,,,,,,,,,,
Tokens_PnL_Detailed,,,,,,,,,FsJAn2icHwMM68bB67ccZfog4czywSioTgiHrDVSpump,1.0199,1.2308,2.0,0.2108999999999998,ربح 🟢,,,,,,,,,,,,,,,,,,,,,,,,
Tokens_PnL_Detailed,,,,,,,,,G7UJPfu4Xh4Lv5H1ETmwn1Q9uMScw3GSFgBqzKppump,0.0,2.3416,1.0,2.3416,ربح 🟢,,,,,,,,,,,,,,,,,,,,,,,,
Tokens_PnL_Detailed,,,,,,,,,GC9GWsd9mQhj4GWpUQBxw7peBEimGjgpUrGgkWBpump,0.0,1.864,1.0,1.864,ربح 🟢,,,,,,,,,,,,,,,,,,,,,,,,
Tokens_PnL_Detailed,,,,,,,,,GGMm5EmstNMQh4tvR127joSzBDa5UeE4FkVYZZmtpump,1.0199,3.2389,3.0,2.2190000000000003,ربح 🟢,,,,,,,,,,,,,,,,,,,,,,,,
Tokens_PnL_Detailed,,,,,,,,,GkNBBV3TstnLb4Fxj1bmToza8ikx5UReSBw3LEWmpump,1.0249,1.1181,2.0,0.0932000000000001,ربح 🟢,,,,,,,,,,,,,,,,,,,,,,,,
Tokens_PnL_Detailed,,,,,,,,,HE2kCYoqisUpFCjVa6QDat8Aqrn4DWkxaRbF7CPpump,1.0199,1.0253,2.0,0.0054,ربح 🟢,,,,,,,,,,,,,,,,,,,,,,,,
Tokens_PnL_Detailed,,,,,,,,,HQowBX7JqXUEDPWHB4bS6q6KEzvSdfDPXv6qefipump,1.0249,0.0,1.0,-1.0249,خسارة 🔴,,,,,,,,,,,,,,,,,,,,,,,,
Tokens_PnL_Detailed,,,,,,,,,Hv2UnbVSjV9kwXWVZvpB2WbMUjPoDkHCgGwJzD5jpump,1.0249,0.9285,2.0,-0.0963999999999999,خسارة 🔴,,,,,,,,,,,,,,,,,,,,,,,,
Tokens_PnL_Detailed,,,,,,,,,PUXx1iSexu15p8FLG4FoFyRpyVtARFEf6CYbUzopump,1.0219,1.0955,2.0,0.0735999999999998,ربح 🟢,,,,,,,,,,,,,,,,,,,,,,,,
Tokens_PnL_Detailed,,,,,,,,,Ph1ie3e4aMXCEVCjTcTzkyVhTRC7k9kpkq5MKSUpump,1.0239,1.1864,2.0,0.1624999999999998,ربح 🟢,,,,,,,,,,,,,,,,,,,,,,,,
Tokens_PnL_Detailed,,,,,,,,,RvkFYybWAGhgcsmvkQvFdUgqnVREbcSQhHFUW6Ypump,1.0259,1.1497,2.0,0.1237999999999999,ربح 🟢,,,,,,,,,,,,,,,,,,,,,,,,
Tokens_PnL_Detailed,,,,,,,,,SH6SfUf5pPbdq9h7RjnsoGjNvP3onox7P5tKJGEpump,1.0199,1.1651,2.0,0.1452,ربح 🟢,,,,,,,,,,,,,,,,,,,,,,,,
Tokens_PnL_Detailed,,,,,,,,,VEnbFNs7yCnN4aeNRXkgL25cBXg96nWVfHiQBN1pump,1.0219,0.0,1.0,-1.0219,خسارة 🔴,,,,,,,,,,,,,,,,,,,,,,,,
Tokens_PnL_Detailed,,,,,,,,,ViKiUNWGrkubQDnAxg2y7xk3codLN1MLabvqaiPpump,1.0249,0.0,1.0,-1.0249,خسارة 🔴,,,,,,,,,,,,,,,,,,,,,,,,
Tokens_PnL_Detailed,,,,,,,,,W7LjdSHiGM6nE376hFUHpGMVGLuj1nokhy8v2r5pump,1.0249,1.1044,2.0,0.0795000000000001,ربح 🟢,,,,,,,,,,,,,,,,,,,,,,,,
Tokens_PnL_Detailed,,,,,,,,,apy9dR4PyLzqAs6eZHKDLsLRE1qbc6GHaGsgaNTpump,1.0204,1.2177,2.0,0.1973,ربح 🟢,,,,,,,,,,,,,,,,,,,,,,,,
Tokens_PnL_Detailed,,,,,,,,,fSK8y3f3Hz1mTeSYap6FeqhZ8ResekAAuhZYddnpump,1.0164,1.8196,2.0,0.8032000000000001,ربح 🟢,,,,,,,,,,,,,,,,,,,,,,,,
Tokens_PnL_Detailed,,,,,,,,,iTbVzEXiw7eC9ftbv5eNVCQUrY64AQLHCfgW4DGpump,1.0204,2.5955000000000004,4.0,1.5751000000000004,ربح 🟢,,,,,,,,,,,,,,,,,,,,,,,,
Tokens_PnL_Detailed,,,,,,,,,kgLfVJiPwuEXXQBcY2AV3zh6MCkJvZfWLcNHjHJpump,0.0,1.3783,1.0,1.3783,ربح 🟢,,,,,,,,,,,,,,,,,,,,,,,,
Tokens_PnL_Detailed,,,,,,,,,mHinvysGkV4YPfj1PYxHGgyc4S7LCDwVki4r1Phpump,1.5341,0.0,1.0,-1.5341,خسارة 🔴,,,,,,,,,,,,,,,,,,,,,,,,
Tokens_PnL_Detailed,,,,,,,,,nZbPjCn4GJcLxrdHWRnMhPt875EyHSNTzhFmD6Dpump,1.0219,0.0,1.0,-1.0219,خسارة 🔴,,,,,,,,,,,,,,,,,,,,,,,,
Tokens_PnL_Detailed,,,,,,,,,nktiJ91NxzY8Dq1JB6YvZq97bpCiELxrRgBzwKupump,0.0,1.6258,1.0,1.6258,ربح 🟢,,,,,,,,,,,,,,,,,,,,,,,,
Tokens_PnL_Detailed,,,,,,,,,rtyCb78V7G3yEX3zqFRGn94Zy6nJYx5rKQrhDZ5pump,1.0249,1.029,2.0,0.0040999999999999,ربح 🟢,,,,,,,,,,,,,,,,,,,,,,,,
Tokens_PnL_Detailed,,,,,,,,,tCHCHiqVVcsL69ab94xGHV8zdpKyFYNiz92Behjpump,0.0,0.9051,1.0,0.9051,ربح 🟢,,,,,,,,,,,,,,,,,,,,,,,,
Tokens_PnL_Detailed,,,,,,,,,tY5KSvxu3iBMwVZzVpYqrVbxAVbAXMKTJ7SxW6Wpump,1.0199,2.4767,3.0,1.4568,ربح 🟢,,,,,,,,,,,,,,,,,,,,,,,,
Tokens_PnL_Detailed,,,,,,,,,tYLAYuNEJbuvDzuERBHSHAeVFZTgkkSLPwrRwHzpump,1.5271,1.7811,2.0,0.254,ربح 🟢,,,,,,,,,,,,,,,,,,,,,,,,
Tokens_PnL_Detailed,,,,,,,,,waW5EVqWFtDVpwoudzYQxCoP8DCFUz91trdyg2Zpump,0.0,1.3829,1.0,1.3829,ربح 🟢,,,,,,,,,,,,,,,,,,,,,,,,
Tokens_PnL_Detailed,,,,,,,,,yjzc1AyMT4KX84WpsYEF2MT5bwXiA7nY3yBVRVgpump,0.0,1.2322,1.0,1.2322,ربح 🟢,,,,,,,,,,,,,,,,,,,,,,,,
Tokens_PnL_Detailed,,,,,,,,,zzmUs44ZwUZK6MAnJh3M61vL4YcJGZLzkRVmxhFpump,0.0,0.9651,1.0,0.9651,ربح 🟢,,,,,,,,,,,,,,,,,,,,,,,,
Liquidity_MCap,,,,,,,,,,,,,1.4138,ربح 🟢,AROS,1Atst4LcMEYfAXACbCaBpdk166CU8eopNkjyD8jpump,3057.0,2962.35,96.9,3.057e-06,pumpswap,,,,,,,,,,,,,,,,,
Liquidity_MCap,,,,,,,,,,,,,0.4844999999999999,ربح 🟢,D O T F,4cYJ8eGZaKMF1iuoUXskhfTHSi6VxL7Jq7xaTJHbpump,4914.0,4294.65,87.4,4.913e-06,pumpswap,,,,,,,,,,,,,,,,,
Liquidity_MCap,,,,,,,,,,,,,1.0021000000000002,ربح 🟢,UDR,5iURQEWL4NcbqhXRnhssfCzhAnghWbEGUoTWiWhpump,2087.0,2135.62,102.33,2.086e-06,pumpswap,,,,,,,,,,,,,,,,,
Liquidity_MCap,,,,,,,,,,,,,0.6554,ربح 🟢,,6BfTBNYJcZW9AnxRQ7aAx4Luf2K4BpmWpR7FWTPZpump,0.0,0.0,0.0,0.0,,,,,,,,,,,,,,,,,,
Liquidity_MCap,,,,,,,,,,,,,1.6489999999999998,ربح 🟢,WOTF,6DWHBW3R5NE2LUShJRbvDyi9GZ8Hz4EFFRgcfP3apump,14188.0,8654.79,61.0,1.418e-05,pumpswap,,,,,,,,,,,,,,,,,
Liquidity_MCap,,,,,,,,,,,,,2.1572,ربح 🟢,SARP,6WbiJtjXoNpLH6GhSvDX4HqRUN3ShQgxsk56Synpump,8512.0,6335.21,74.43,8.512e-06,pumpswap,,,,,,,,,,,,,,,,,
Liquidity_MCap,,,,,,,,,,,,,0.0438,ربح 🟢,,6bcjVdK2k9AS3cH4wEzc5x61myRLLAEkTSxwzVygpump,0.0,0.0,0.0,0.0,,,,,,,,,,,,,,,,,,
Liquidity_MCap,,,,,,,,,,,,,-0.0026999999999999,خسارة 🔴,GOIF,AQ7A9nsCcrfbftRq2kfFjCkaG6NicixZ1Vy4RZ4Hpump,2871.0,2820.45,98.24,2.87e-06,pumpswap,,,,,,,,,,,,,,,,,
Liquidity_MCap,,,,,,,,,,,,,-1.0239,خسارة 🔴,GOIF,Bm7Uxam9efqL8gu9CX5kZ3A7t5nj2v2titSC7nnpump,3694.0,3499.18,94.73,3.694e-06,pumpswap,,,,,,,,,,,,,,,,,
Liquidity_MCap,,,,,,,,,,,,,1.0416,ربح 🟢,VSOF,CnrPtHUeeM6QtHjkEArLF68B2pf2TvhJfSvShaQpump,4281.0,3870.34,90.41,4.28e-06,pumpswap,,,,,,,,,,,,,,,,,
Liquidity_MCap,,,,,,,,,,,,,0.9307,ربح 🟢,,DBoeuAaioaQSqDMD4vwKUZLFcXyCS9S6tRfkENQXpump,0.0,0.0,0.0,0.0,,,,,,,,,,,,,,,,,,
Liquidity_MCap,,,,,,,,,,,,,0.1271,ربح 🟢,SI276,DgrnPbwNC2s2CQtVR8QNptZoG95MZd2Sirvfeoe4pump,3021.0,2934.18,97.13,3.021e-06,pumpswap,,,,,,,,,,,,,,,,,
Liquidity_MCap,,,,,,,,,,,,,0.2108999999999998,ربح 🟢,,FsJAn2icHwMM68bB67ccZfog4czywSioTgiHrDVSpump,0.0,0.0,0.0,0.0,,,,,,,,,,,,,,,,,,
Liquidity_MCap,,,,,,,,,,,,,2.3416,ربح 🟢,AORP,G7UJPfu4Xh4Lv5H1ETmwn1Q9uMScw3GSFgBqzKppump,7246.0,5650.85,77.99,7.252e-06,pumpswap,,,,,,,,,,,,,,,,,
Liquidity_MCap,,,,,,,,,,,,,1.864,ربح 🟢,AROS,GC9GWsd9mQhj4GWpUQBxw7peBEimGjgpUrGgkWBpump,3213.0,3144.58,97.87,3.212e-06,pumpswap,,,,,,,,,,,,,,,,,
Liquidity_MCap,,,,,,,,,,,,,2.2190000000000003,ربح 🟢,SARP,GGMm5EmstNMQh4tvR127joSzBDa5UeE4FkVYZZmtpump,3703.0,3482.42,94.04,3.702e-06,pumpswap,,,,,,,,,,,,,,,,,
Liquidity_MCap,,,,,,,,,,,,,0.0932000000000001,ربح 🟢,D O T F,GkNBBV3TstnLb4Fxj1bmToza8ikx5UReSBw3LEWmpump,2823.0,2770.27,98.13,2.822e-06,pumpswap,,,,,,,,,,,,,,,,,
Liquidity_MCap,,,,,,,,,,,,,0.0054,ربح 🟢,ATFS,HE2kCYoqisUpFCjVa6QDat8Aqrn4DWkxaRbF7CPpump,2956.0,2873.06,97.19,2.956e-06,pumpswap,,,,,,,,,,,,,,,,,
Liquidity_MCap,,,,,,,,,,,,,-1.0249,خسارة 🔴,USDF,HQowBX7JqXUEDPWHB4bS6q6KEzvSdfDPXv6qefipump,2763.0,2767.25,100.15,2.762e-06,pumpswap,,,,,,,,,,,,,,,,,
Liquidity_MCap,,,,,,,,,,,,,-0.0963999999999999,خسارة 🔴,USDP,Hv2UnbVSjV9kwXWVZvpB2WbMUjPoDkHCgGwJzD5jpump,2409.0,2414.31,100.22,2.408e-06,pumpswap,,,,,,,,,,,,,,,,,
Liquidity_MCap,,,,,,,,,,,,,0.0735999999999998,ربح 🟢,UDR,PUXx1iSexu15p8FLG4FoFyRpyVtARFEf6CYbUzopump,2267.0,2373.16,104.68,2.267e-06,pumpswap,,,,,,,,,,,,,,,,,
Liquidity_MCap,,,,,,,,,,,,,0.1624999999999998,ربح 🟢,SARP,Ph1ie3e4aMXCEVCjTcTzkyVhTRC7k9kpkq5MKSUpump,3855.0,3636.43,94.33,3.855e-06,pumpswap,,,,,,,,,,,,,,,,,
Liquidity_MCap,,,,,,,,,,,,,0.1237999999999999,ربح 🟢,DOTF,RvkFYybWAGhgcsmvkQvFdUgqnVREbcSQhHFUW6Ypump,2611.0,2614.54,100.14,2.611e-06,pumpswap,,,,,,,,,,,,,,,,,
Liquidity_MCap,,,,,,,,,,,,,0.1452,ربح 🟢,DOTF,SH6SfUf5pPbdq9h7RjnsoGjNvP3onox7P5tKJGEpump,2374.0,2408.79,101.47,2.373e-06,pumpswap,,,,,,,,,,,,,,,,,
Liquidity_MCap,,,,,,,,,,,,,-1.0219,خسارة 🔴,AROS,VEnbFNs7yCnN4aeNRXkgL25cBXg96nWVfHiQBN1pump,3634.0,3453.69,95.04,3.635e-06,pumpswap,,,,,,,,,,,,,,,,,
Liquidity_MCap,,,,,,,,,,,,,-1.0249,خسارة 🔴,GOIF,ViKiUNWGrkubQDnAxg2y7xk3codLN1MLabvqaiPpump,3297.0,3186.67,96.65,3.297e-06,pumpswap,,,,,,,,,,,,,,,,,
Liquidity_MCap,,,,,,,,,,,,,0.0795000000000001,ربح 🟢,SARP,W7LjdSHiGM6nE376hFUHpGMVGLuj1nokhy8v2r5pump,4808.0,4233.17,88.04,4.807e-06,pumpswap,,,,,,,,,,,,,,,,,
Liquidity_MCap,,,,,,,,,,,,,0.1973,ربح 🟢,GOIF,apy9dR4PyLzqAs6eZHKDLsLRE1qbc6GHaGsgaNTpump,3654.0,3437.19,94.07,3.654e-06,pumpswap,,,,,,,,,,,,,,,,,
Liquidity_MCap,,,,,,,,,,,,,0.8032000000000001,ربح 🟢,,fSK8y3f3Hz1mTeSYap6FeqhZ8ResekAAuhZYddnpump,0.0,0.0,0.0,0.0,,,,,,,,,,,,,,,,,,
Liquidity_MCap,,,,,,,,,,,,,1.5751000000000004,ربح 🟢,XRPN,iTbVzEXiw7eC9ftbv5eNVCQUrY64AQLHCfgW4DGpump,5950.0,4888.87,82.17,5.95e-06,pumpswap,,,,,,,,,,,,,,,,,
Liquidity_MCap,,,,,,,,,,,,,1.3783,ربح 🟢,WOTF,kgLfVJiPwuEXXQBcY2AV3zh6MCkJvZfWLcNHjHJpump,10206.0,7089.17,69.46,1.02e-05,pumpswap,,,,,,,,,,,,,,,,,
Liquidity_MCap,,,,,,,,,,,,,-1.5341,خسارة 🔴,XRPN,mHinvysGkV4YPfj1PYxHGgyc4S7LCDwVki4r1Phpump,2873.0,2815.65,98.0,2.872e-06,pumpswap,,,,,,,,,,,,,,,,,
Liquidity_MCap,,,,,,,,,,,,,-1.0219,خسارة 🔴,GOIF,nZbPjCn4GJcLxrdHWRnMhPt875EyHSNTzhFmD6Dpump,3560.0,3473.54,97.57,3.562e-06,pumpswap,,,,,,,,,,,,,,,,,
Liquidity_MCap,,,,,,,,,,,,,1.6258,ربح 🟢,,nktiJ91NxzY8Dq1JB6YvZq97bpCiELxrRgBzwKupump,0.0,0.0,0.0,0.0,,,,,,,,,,,,,,,,,,
Liquidity_MCap,,,,,,,,,,,,,0.0040999999999999,ربح 🟢,ATFS,rtyCb78V7G3yEX3zqFRGn94Zy6nJYx5rKQrhDZ5pump,2294.0,2308.33,100.62,2.294e-06,pumpswap,,,,,,,,,,,,,,,,,
Liquidity_MCap,,,,,,,,,,,,,0.9051,ربح 🟢,WSOS,tCHCHiqVVcsL69ab94xGHV8zdpKyFYNiz92Behjpump,5559.0,4681.88,84.22,5.559e-06,pumpswap,,,,,,,,,,,,,,,,,
Liquidity_MCap,,,,,,,,,,,,,1.4568,ربح 🟢,DOTF,tY5KSvxu3iBMwVZzVpYqrVbxAVbAXMKTJ7SxW6Wpump,4703.0,4226.6,89.87,4.702e-06,pumpswap,,,,,,,,,,,,,,,,,
Liquidity_MCap,,,,,,,,,,,,,0.254,ربح 🟢,USDF,tYLAYuNEJbuvDzuERBHSHAeVFZTgkkSLPwrRwHzpump,2811.0,2800.29,99.62,2.812e-06,pumpswap,,,,,,,,,,,,,,,,,
Liquidity_MCap,,,,,,,,,,,,,1.3829,ربح 🟢,GOIF,waW5EVqWFtDVpwoudzYQxCoP8DCFUz91trdyg2Zpump,6953.0,5539.61,79.67,6.953e-06,pumpswap,,,,,,,,,,,,,,,,,
Liquidity_MCap,,,,,,,,,,,,,1.2322,ربح 🟢,NTDA,yjzc1AyMT4KX84WpsYEF2MT5bwXiA7nY3yBVRVgpump,5585.0,4708.32,84.3,5.584e-06,pumpswap,,,,,,,,,,,,,,,,,
Liquidity_MCap,,,,,,,,,,,,,0.9651,ربح 🟢,,zzmUs44ZwUZK6MAnJh3M61vL4YcJGZLzkRVmxhFpump,0.0,0.0,0.0,0.0,,,,,,,,,,,,,,,,,,
Deep_Holding_Fees,,,,,,,,,,,,,,ربح 🟢,,,,,,,,1Atst4LcMEYfAXACbCaBpdk166CU8eopNkjyD8jpump,لم يُبع,0.0008,1.4138,,,,,,,,,,,,,
Deep_Holding_Fees,,,,,,,,,,,,,,ربح 🟢,,,,,,,,4cYJ8eGZaKMF1iuoUXskhfTHSi6VxL7Jq7xaTJHbpump,2779,0.0088,0.4845,,,,,,,,,,,,,
Deep_Holding_Fees,,,,,,,,,,,,,,ربح 🟢,,,,,,,,5iURQEWL4NcbqhXRnhssfCzhAnghWbEGUoTWiWhpump,15568,0.0103,1.0021,,,,,,,,,,,,,
Deep_Holding_Fees,,,,,,,,,,,,,,ربح 🟢,,,,,,,,6BfTBNYJcZW9AnxRQ7aAx4Luf2K4BpmWpR7FWTPZpump,لم يُبع,0.0003,0.6554,,,,,,,,,,,,,
Deep_Holding_Fees,,,,,,,,,,,,,,ربح 🟢,,,,,,,,6DWHBW3R5NE2LUShJRbvDyi9GZ8Hz4EFFRgcfP3apump,114358,0.0057,1.649,,,,,,,,,,,,,
Deep_Holding_Fees,,,,,,,,,,,,,,ربح 🟢,,,,,,,,6WbiJtjXoNpLH6GhSvDX4HqRUN3ShQgxsk56Synpump,295532,0.0062,2.1572,,,,,,,,,,,,,
Deep_Holding_Fees,,,,,,,,,,,,,,ربح 🟢,,,,,,,,6bcjVdK2k9AS3cH4wEzc5x61myRLLAEkTSxwzVygpump,330248,0.0018,0.0438,,,,,,,,,,,,,
Deep_Holding_Fees,,,,,,,,,,,,,,خسارة 🔴,,,,,,,,AQ7A9nsCcrfbftRq2kfFjCkaG6NicixZ1Vy4RZ4Hpump,1745,0.0113,-0.0027,,,,,,,,,,,,,
Deep_Holding_Fees,,,,,,,,,,,,,,خسارة 🔴,,,,,,,,Bm7Uxam9efqL8gu9CX5kZ3A7t5nj2v2titSC7nnpump,لم يُبع,0.01,-1.0239,,,,,,,,,,,,,
Deep_Holding_Fees,,,,,,,,,,,,,,ربح 🟢,,,,,,,,CnrPtHUeeM6QtHjkEArLF68B2pf2TvhJfSvShaQpump,لم يُبع,0.0011,1.0415,,,,,,,,,,,,,
Deep_Holding_Fees,,,,,,,,,,,,,,ربح 🟢,,,,,,,,DBoeuAaioaQSqDMD4vwKUZLFcXyCS9S6tRfkENQXpump,لم يُبع,0.0003,0.9307,,,,,,,,,,,,,
Deep_Holding_Fees,,,,,,,,,,,,,,ربح 🟢,,,,,,,,DgrnPbwNC2s2CQtVR8QNptZoG95MZd2Sirvfeoe4pump,626,0.0113,0.1271,,,,,,,,,,,,,
Deep_Holding_Fees,,,,,,,,,,,,,,ربح 🟢,,,,,,,,FsJAn2icHwMM68bB67ccZfog4czywSioTgiHrDVSpump,294775,0.0063,0.2109,,,,,,,,,,,,,
Deep_Holding_Fees,,,,,,,,,,,,,,ربح 🟢,,,,,,,,G7UJPfu4Xh4Lv5H1ETmwn1Q9uMScw3GSFgBqzKppump,لم يُبع,0.0001,2.3416,,,,,,,,,,,,,
Deep_Holding_Fees,,,,,,,,,,,,,,ربح 🟢,,,,,,,,GC9GWsd9mQhj4GWpUQBxw7peBEimGjgpUrGgkWBpump,لم يُبع,0.0003,1.864,,,,,,,,,,,,,
Deep_Holding_Fees,,,,,,,,,,,,,,ربح 🟢,,,,,,,,GGMm5EmstNMQh4tvR127joSzBDa5UeE4FkVYZZmtpump,9884,0.0071,2.219,,,,,,,,,,,,,
Deep_Holding_Fees,,,,,,,,,,,,,,ربح 🟢,,,,,,,,GkNBBV3TstnLb4Fxj1bmToza8ikx5UReSBw3LEWmpump,38255,0.0113,0.0932,,,,,,,,,,,,,
Deep_Holding_Fees,,,,,,,,,,,,,,ربح 🟢,,,,,,,,HE2kCYoqisUpFCjVa6QDat8Aqrn4DWkxaRbF7CPpump,223313,0.0063,0.0054,,,,,,,,,,,,,
Deep_Holding_Fees,,,,,,,,,,,,,,خسارة 🔴,,,,,,,,HQowBX7JqXUEDPWHB4bS6q6KEzvSdfDPXv6qefipump,لم يُبع,0.011,-1.0249,,,,,,,,,,,,,
Deep_Holding_Fees,,,,,,,,,,,,,,خسارة 🔴,,,,,,,,Hv2UnbVSjV9kwXWVZvpB2WbMUjPoDkHCgGwJzD5jpump,13362,0.0113,-0.0964,,,,,,,,,,,,,
Deep_Holding_Fees,,,,,,,,,,,,,,ربح 🟢,,,,,,,,PUXx1iSexu15p8FLG4FoFyRpyVtARFEf6CYbUzopump,86945,0.0083,0.0736,,,,,,,,,,,,,
Deep_Holding_Fees,,,,,,,,,,,,,,ربح 🟢,,,,,,,,Ph1ie3e4aMXCEVCjTcTzkyVhTRC7k9kpkq5MKSUpump,74211,0.0103,0.1625,,,,,,,,,,,,,
Deep_Holding_Fees,,,,,,,,,,,,,,ربح 🟢,,,,,,,,RvkFYybWAGhgcsmvkQvFdUgqnVREbcSQhHFUW6Ypump,89093,0.0123,0.1238,,,,,,,,,,,,,
Deep_Holding_Fees,,,,,,,,,,,,,,ربح 🟢,,,,,,,,SH6SfUf5pPbdq9h7RjnsoGjNvP3onox7P5tKJGEpump,343335,0.0043,0.1452,,,,,,,,,,,,,
Deep_Holding_Fees,,,,,,,,,,,,,,خسارة 🔴,,,,,,,,VEnbFNs7yCnN4aeNRXkgL25cBXg96nWVfHiQBN1pump,لم يُبع,0.008,-1.0219,,,,,,,,,,,,,
Deep_Holding_Fees,,,,,,,,,,,,,,خسارة 🔴,,,,,,,,ViKiUNWGrkubQDnAxg2y7xk3codLN1MLabvqaiPpump,لم يُبع,0.011,-1.0249,,,,,,,,,,,,,
Deep_Holding_Fees,,,,,,,,,,,,,,ربح 🟢,,,,,,,,W7LjdSHiGM6nE376hFUHpGMVGLuj1nokhy8v2r5pump,31750,0.0113,0.0795,,,,,,,,,,,,,
Deep_Holding_Fees,,,,,,,,,,,,,,ربح 🟢,,,,,,,,apy9dR4PyLzqAs6eZHKDLsLRE1qbc6GHaGsgaNTpump,127679,0.0053,0.1973,,,,,,,,,,,,,
Deep_Holding_Fees,,,,,,,,,,,,,,ربح 🟢,,,,,,,,fSK8y3f3Hz1mTeSYap6FeqhZ8ResekAAuhZYddnpump,179358,0.0018,0.8032,,,,,,,,,,,,,
Deep_Holding_Fees,,,,,,,,,,,,,,ربح 🟢,,,,,,,,iTbVzEXiw7eC9ftbv5eNVCQUrY64AQLHCfgW4DGpump,410720,0.0054,1.575,,,,,,,,,,,,,
Deep_Holding_Fees,,,,,,,,,,,,,,ربح 🟢,,,,,,,,kgLfVJiPwuEXXQBcY2AV3zh6MCkJvZfWLcNHjHJpump,لم يُبع,0.0003,1.3783,,,,,,,,,,,,,
Deep_Holding_Fees,,,,,,,,,,,,,,خسارة 🔴,,,,,,,,mHinvysGkV4YPfj1PYxHGgyc4S7LCDwVki4r1Phpump,لم يُبع,0.015,-1.5341,,,,,,,,,,,,,
Deep_Holding_Fees,,,,,,,,,,,,,,خسارة 🔴,,,,,,,,nZbPjCn4GJcLxrdHWRnMhPt875EyHSNTzhFmD6Dpump,لم يُبع,0.008,-1.0219,,,,,,,,,,,,,
Deep_Holding_Fees,,,,,,,,,,,,,,ربح 🟢,,,,,,,,nktiJ91NxzY8Dq1JB6YvZq97bpCiELxrRgBzwKupump,لم يُبع,0.0003,1.6258,,,,,,,,,,,,,
Deep_Holding_Fees,,,,,,,,,,,,,,ربح 🟢,,,,,,,,rtyCb78V7G3yEX3zqFRGn94Zy6nJYx5rKQrhDZ5pump,52052,0.0113,0.0041,,,,,,,,,,,,,
Deep_Holding_Fees,,,,,,,,,,,,,,ربح 🟢,,,,,,,,tCHCHiqVVcsL69ab94xGHV8zdpKyFYNiz92Behjpump,لم يُبع,0.0003,0.9051,,,,,,,,,,,,,
Deep_Holding_Fees,,,,,,,,,,,,,,ربح 🟢,,,,,,,,tY5KSvxu3iBMwVZzVpYqrVbxAVbAXMKTJ7SxW6Wpump,173195,0.0065,1.4568,,,,,,,,,,,,,
Deep_Holding_Fees,,,,,,,,,,,,,,ربح 🟢,,,,,,,,tYLAYuNEJbuvDzuERBHSHAeVFZTgkkSLPwrRwHzpump,32653,0.0083,0.254,,,,,,,,,,,,,
Deep_Holding_Fees,,,,,,,,,,,,,,ربح 🟢,,,,,,,,waW5EVqWFtDVpwoudzYQxCoP8DCFUz91trdyg2Zpump,لم يُبع,0.0003,1.3829,,,,,,,,,,,,,
Deep_Holding_Fees,,,,,,,,,,,,,,ربح 🟢,,,,,,,,yjzc1AyMT4KX84WpsYEF2MT5bwXiA7nY3yBVRVgpump,لم يُبع,0.0003,1.2322,,,,,,,,,,,,,
Deep_Holding_Fees,,,,,,,,,,,,,,ربح 🟢,,,,,,,,zzmUs44ZwUZK6MAnJh3M61vL4YcJGZLzkRVmxhFpump,لم يُبع,0.0003,0.9651,,,,,,,,,,,,,
Buy_Entry_Timing,,,,,,,,,,,,,,,,,,,,,,ViKiUNWGrkubQDnAxg2y7xk3codLN1MLabvqaiPpump,,,,2026-10-09 15:09:16,1.0249,49660180.923227,,,,,,,,,,
Buy_Entry_Timing,,,,,,,,,,,,,,,,,,,,,,AQ7A9nsCcrfbftRq2kfFjCkaG6NicixZ1Vy4RZ4Hpump,,,,2026-10-09 13:18:25,1.0249,46652223.392113,,,,,,,,,,
Buy_Entry_Timing,,,,,,,,,,,,,,,,,,,,,,HQowBX7JqXUEDPWHB4bS6q6KEzvSdfDPXv6qefipump,,,,2026-10-09 11:17:41,1.0249,51498376.685767,,,,,,,,,,
Buy_Entry_Timing,,,,,,,,,,,,,,,,,,,,,,Hv2UnbVSjV9kwXWVZvpB2WbMUjPoDkHCgGwJzD5jpump,,,,2026-10-09 05:26:10,1.0249,42472285.806558,,,,,,,,,,
Buy_Entry_Timing,,,,,,,,,,,,,,,,,,,,,,DgrnPbwNC2s2CQtVR8QNptZoG95MZd2Sirvfeoe4pump,,,,2026-10-09 02:47:36,1.0249,46798577.392276,,,,,,,,,,
Buy_Entry_Timing,,,,,,,,,,,,,,,,,,,,,,W7LjdSHiGM6nE376hFUHpGMVGLuj1nokhy8v2r5pump,,,,2026-10-08 15:31:48,1.0249,50467202.364638,,,,,,,,,,
Buy_Entry_Timing,,,,,,,,,,,,,,,,,,,,,,GkNBBV3TstnLb4Fxj1bmToza8ikx5UReSBw3LEWmpump,,,,2026-10-08 03:20:11,1.0249,52466019.882149,,,,,,,,,,
Buy_Entry_Timing,,,,,,,,,,,,,,,,,,,,,,rtyCb78V7G3yEX3zqFRGn94Zy6nJYx5rKQrhDZ5pump,,,,2026-10-07 23:28:52,1.0249,48555736.948168,,,,,,,,,,
Buy_Entry_Timing,,,,,,,,,,,,,,,,,,,,,,mHinvysGkV4YPfj1PYxHGgyc4S7LCDwVki4r1Phpump,,,,2026-10-07 23:21:13,1.5341,72662948.898511,,,,,,,,,,
Buy_Entry_Timing,,,,,,,,,,,,,,,,,,,,,,Ph1ie3e4aMXCEVCjTcTzkyVhTRC7k9kpkq5MKSUpump,,,,2026-10-07 17:18:07,1.0239,51242739.497669,,,,,,,,,,
Buy_Entry_Timing,,,,,,,,,,,,,,,,,,,,,,RvkFYybWAGhgcsmvkQvFdUgqnVREbcSQhHFUW6Ypump,,,,2026-10-07 13:10:55,1.0259,51244232.565295,,,,,,,,,,
Buy_Entry_Timing,,,,,,,,,,,,,,,,,,,,,,Bm7Uxam9efqL8gu9CX5kZ3A7t5nj2v2titSC7nnpump,,,,2026-10-07 08:04:41,1.0239,46576624.18363,,,,,,,,,,
Buy_Entry_Timing,,,,,,,,,,,,,,,,,,,,,,nZbPjCn4GJcLxrdHWRnMhPt875EyHSNTzhFmD6Dpump,,,,2026-10-07 04:48:07,1.0219,48658972.345672,,,,,,,,,,
Buy_Entry_Timing,,,,,,,,,,,,,,,,,,,,,,4cYJ8eGZaKMF1iuoUXskhfTHSi6VxL7Jq7xaTJHbpump,,,,2026-10-07 04:42:29,1.0219,47011512.856477,,,,,,,,,,
Buy_Entry_Timing,,,,,,,,,,,,,,,,,,,,,,tYLAYuNEJbuvDzuERBHSHAeVFZTgkkSLPwrRwHzpump,,,,2026-10-07 04:13:08,1.5271,74831070.566642,,,,,,,,,,
Buy_Entry_Timing,,,,,,,,,,,,,,,,,,,,,,VEnbFNs7yCnN4aeNRXkgL25cBXg96nWVfHiQBN1pump,,,,2026-10-07 04:13:03,1.0219,51423924.17703,,,,,,,,,,
Buy_Entry_Timing,,,,,,,,,,,,,,,,,,,,,,PUXx1iSexu15p8FLG4FoFyRpyVtARFEf6CYbUzopump,,,,2026-10-07 02:06:41,1.0219,50442515.584803,,,,,,,,,,
Buy_Entry_Timing,,,,,,,,,,,,,,,,,,,,,,fSK8y3f3Hz1mTeSYap6FeqhZ8ResekAAuhZYddnpump,,,,2026-10-06 12:01:45,1.0164,51742401.956582,,,,,,,,,,
Buy_Entry_Timing,,,,,,,,,,,,,,,,,,,,,,5iURQEWL4NcbqhXRnhssfCzhAnghWbEGUoTWiWhpump,,,,2026-10-06 07:58:13,1.5291,72223909.815507,,,,,,,,,,
Buy_Entry_Timing,,,,,,,,,,,,,,,,,,,,,,HE2kCYoqisUpFCjVa6QDat8Aqrn4DWkxaRbF7CPpump,,,,2026-10-05 23:54:49,1.0199,48229931.331833,,,,,,,,,,
Buy_Entry_Timing,,,,,,,,,,,,,,,,,,,,,,tY5KSvxu3iBMwVZzVpYqrVbxAVbAXMKTJ7SxW6Wpump,,,,2026-10-05 14:03:24,1.0199,51178527.821107,,,,,,,,,,
Buy_Entry_Timing,,,,,,,,,,,,,,,,,,,,,,FsJAn2icHwMM68bB67ccZfog4czywSioTgiHrDVSpump,,,,2026-10-05 04:01:49,1.0199,51046402.037758,,,,,,,,,,
Buy_Entry_Timing,,,,,,,,,,,,,,,,,,,,,,GGMm5EmstNMQh4tvR127joSzBDa5UeE4FkVYZZmtpump,,,,2026-10-05 03:47:30,1.0199,51925777.546174,,,,,,,,,,
Buy_Entry_Timing,,,,,,,,,,,,,,,,,,,,,,iTbVzEXiw7eC9ftbv5eNVCQUrY64AQLHCfgW4DGpump,,,,2026-10-04 19:39:24,1.0204,51019710.568908,,,,,,,,,,
Buy_Entry_Timing,,,,,,,,,,,,,,,,,,,,,,6DWHBW3R5NE2LUShJRbvDyi9GZ8Hz4EFFRgcfP3apump,,,,2026-10-04 17:58:41,1.0199,47007658.824399,,,,,,,,,,
Buy_Entry_Timing,,,,,,,,,,,,,,,,,,,,,,SH6SfUf5pPbdq9h7RjnsoGjNvP3onox7P5tKJGEpump,,,,2026-10-04 14:33:04,1.0199,51817513.977947,,,,,,,,,,
Buy_Entry_Timing,,,,,,,,,,,,,,,,,,,,,,apy9dR4PyLzqAs6eZHKDLsLRE1qbc6GHaGsgaNTpump,,,,2026-10-04 07:41:08,1.0204,52097602.639442,,,,,,,,,,
Buy_Entry_Timing,,,,,,,,,,,,,,,,,,,,,,6WbiJtjXoNpLH6GhSvDX4HqRUN3ShQgxsk56Synpump,,,,2026-10-03 19:55:41,1.0209,51267370.023907,,,,,,,,,,
Buy_Entry_Timing,,,,,,,,,,,,,,,,,,,,,,6bcjVdK2k9AS3cH4wEzc5x61myRLLAEkTSxwzVygpump,,,,2026-10-03 09:05:45,1.0164,47120422.750201,,,,,,,,,,
Sell_Executions,,,,,,,,5Gnd8tEZANYRJ4...,,,,,,,,,,,,,,AQ7A9nsCcrfbftRq2kfFjCkaG6NicixZ1Vy4RZ4Hpump,,,,,,,2026-10-09 13:47:30,1.0222,46652223.392113,0.021911,,,,,,
Sell_Executions,,,,,,,,3x6bXKv7pmim4B...,,,,,,,,,,,,,,iTbVzEXiw7eC9ftbv5eNVCQUrY64AQLHCfgW4DGpump,,,,,,,2026-10-09 13:44:44,0.6921,12754927.642227,0.054262,,,,,,
Sell_Executions,,,,,,,,4YbV7iv4zA61j3...,,,,,,,,,,,,,,Hv2UnbVSjV9kwXWVZvpB2WbMUjPoDkHCgGwJzD5jpump,,,,,,,2026-10-09 09:08:52,0.9285,42472285.806558,0.021861,,,,,,
Sell_Executions,,,,,,,,5MMJ6WxaoJ1gXS...,,,,,,,,,,,,,,DgrnPbwNC2s2CQtVR8QNptZoG95MZd2Sirvfeoe4pump,,,,,,,2026-10-09 02:58:02,1.152,46798577.392276,0.024617,,,,,,
Sell_Executions,,,,,,,,2rmLRVvTeVFq1n...,,,,,,,,,,,,,,W7LjdSHiGM6nE376hFUHpGMVGLuj1nokhy8v2r5pump,,,,,,,2026-10-09 00:20:58,1.1044,25233601.182319,0.043766,,,,,,
Sell_Executions,,,,,,,,35tdk9TG2SEX9T...,,,,,,,,,,,,,,iTbVzEXiw7eC9ftbv5eNVCQUrY64AQLHCfgW4DGpump,,,,,,,2026-10-08 14:01:39,0.724,12754927.642227,0.05676,,,,,,
Sell_Executions,,,,,,,,tQ23sZy4YnJ1K1...,,,,,,,,,,,,,,GkNBBV3TstnLb4Fxj1bmToza8ikx5UReSBw3LEWmpump,,,,,,,2026-10-08 13:57:46,1.1181,52466019.882149,0.021312,,,,,,
Sell_Executions,,,,,,,,SY8emFmEmeMKUa...,,,,,,,,,,,,,,CnrPtHUeeM6QtHjkEArLF68B2pf2TvhJfSvShaQpump,,,,,,,2026-10-08 13:57:24,0.5104,13093592.770034,0.038978,,,,,,
Sell_Executions,,,,,,,,3PB73DZ2hxDmF6...,,,,,,,,,,,,,,HE2kCYoqisUpFCjVa6QDat8Aqrn4DWkxaRbF7CPpump,,,,,,,2026-10-08 13:56:42,1.0253,48229931.331833,0.021259,,,,,,
Sell_Executions,,,,,,,,4LYXkJZYJkYrrv...,,,,,,,,,,,,,,rtyCb78V7G3yEX3zqFRGn94Zy6nJYx5rKQrhDZ5pump,,,,,,,2026-10-08 13:56:24,1.029,48555736.948168,0.021192,,,,,,
Sell_Executions,,,,,,,,HcXthhhH1LAE8b...,,,,,,,,,,,,,,RvkFYybWAGhgcsmvkQvFdUgqnVREbcSQhHFUW6Ypump,,,,,,,2026-10-08 13:55:48,1.1497,51244232.565295,0.022436,,,,,,
Sell_Executions,,,,,,,,4NgCjzWDhnmq4C...,,,,,,,,,,,,,,SH6SfUf5pPbdq9h7RjnsoGjNvP3onox7P5tKJGEpump,,,,,,,2026-10-08 13:55:19,1.1651,51817513.977947,0.022485,,,,,,
Sell_Executions,,,,,,,,3AXTZrcZdwDwtf...,,,,,,,,,,,,,,Ph1ie3e4aMXCEVCjTcTzkyVhTRC7k9kpkq5MKSUpump,,,,,,,2026-10-08 13:54:58,1.1864,51242739.497669,0.023153,,,,,,
Sell_Executions,,,,,,,,495XTsCwAgFthD...,,,,,,,,,,,,,,FsJAn2icHwMM68bB67ccZfog4czywSioTgiHrDVSpump,,,,,,,2026-10-08 13:54:44,1.2308,51046402.037758,0.024112,,,,,,
Sell_Executions,,,,,,,,29EJefNo157v9D...,,,,,,,,,,,,,,fSK8y3f3Hz1mTeSYap6FeqhZ8ResekAAuhZYddnpump,,,,,,,2026-10-08 13:51:03,1.8196,51742401.956582,0.035166,,,,,,
Sell_Executions,,,,,,,,5dFpJLM1N1eVfy...,,,,,,,,,,,,,,CnrPtHUeeM6QtHjkEArLF68B2pf2TvhJfSvShaQpump,,,,,,,2026-10-08 02:16:53,0.5312,13093592.770034,0.040568,,,,,,
Sell_Executions,,,,,,,,4cvDaMFtgCycPS...,,,,,,,,,,,,,,PUXx1iSexu15p8FLG4FoFyRpyVtARFEf6CYbUzopump,,,,,,,2026-10-08 02:15:46,1.0955,50442515.584803,0.021718,,,,,,
Sell_Executions,,,,,,,,2TNoKi9eUYe6A8...,,,,,,,,,,,,,,tY5KSvxu3iBMwVZzVpYqrVbxAVbAXMKTJ7SxW6Wpump,,,,,,,2026-10-07 14:09:59,1.2287,25589263.910554,0.048018,,,,,,
Sell_Executions,,,,,,,,39YaLHVxfg3PSZ...,,,,,,,,,,,,,,tYLAYuNEJbuvDzuERBHSHAeVFZTgkkSLPwrRwHzpump,,,,,,,2026-10-07 13:17:21,1.7811,74831070.566642,0.023801,,,,,,
Sell_Executions,,,,,,,,4eqFjHHiyySjmr...,,,,,,,,,,,,,,6WbiJtjXoNpLH6GhSvDX4HqRUN3ShQgxsk56Synpump,,,,,,,2026-10-07 06:01:13,1.0854,12816842.505977,0.084684,,,,,,
Sell_Executions,,,,,,,,3BNUp8sjHvLzU1...,,,,,,,,,,,,,,4cYJ8eGZaKMF1iuoUXskhfTHSi6VxL7Jq7xaTJHbpump,,,,,,,2026-10-07 05:28:48,1.5064,47011512.856477,0.032043,,,,,,
Sell_Executions,,,,,,,,5LARXDJx8MBLiU...,,,,,,,,,,,,,,6bcjVdK2k9AS3cH4wEzc5x61myRLLAEkTSxwzVygpump,,,,,,,2026-10-07 04:49:53,1.0602,47120422.750201,0.022501,,,,,,
Sell_Executions,,,,,,,,2bEfQySXb9jN8z...,,,,,,,,,,,,,,GC9GWsd9mQhj4GWpUQBxw7peBEimGjgpUrGgkWBpump,,,,,,,2026-10-06 18:53:14,1.864,49928990.206197,0.037334,,,,,,
Sell_Executions,,,,,,,,64665coAfuWi76...,,,,,,,,,,,,,,5iURQEWL4NcbqhXRnhssfCzhAnghWbEGUoTWiWhpump,,,,,,,2026-10-06 12:17:41,2.5312,72223909.815507,0.035047,,,,,,
Sell_Executions,,,,,,,,3vfAEkK4q7jHDP...,,,,,,,,,,,,,,6WbiJtjXoNpLH6GhSvDX4HqRUN3ShQgxsk56Synpump,,,,,,,2026-10-06 08:43:38,1.0867,12816842.505977,0.08479,,,,,,
Sell_Executions,,,,,,,,CVBTCnMZY7BRhK...,,,,,,,,,,,,,,6DWHBW3R5NE2LUShJRbvDyi9GZ8Hz4EFFRgcfP3apump,,,,,,,2026-10-06 01:44:39,0.5544,11751914.7061,0.047179,,,,,,
Sell_Executions,,,,,,,,3cEHr6Z7AESHFs...,,,,,,,,,,,,,,tY5KSvxu3iBMwVZzVpYqrVbxAVbAXMKTJ7SxW6Wpump,,,,,,,2026-10-05 22:02:00,1.248,25589263.910553,0.048771,,,,,,
Sell_Executions,,,,,,,,47wo83EkUAiZfP...,,,,,,,,,,,,,,apy9dR4PyLzqAs6eZHKDLsLRE1qbc6GHaGsgaNTpump,,,,,,,2026-10-05 19:09:07,1.2177,52097602.639442,0.023373,,,,,,
Sell_Executions,,,,,,,,3AVck42p6hziED...,,,,,,,,,,,,,,1Atst4LcMEYfAXACbCaBpdk166CU8eopNkjyD8jpump,,,,,,,2026-10-05 19:06:23,1.4138,51217664.238443,0.027603,,,,,,
Sell_Executions,,,,,,,,2cLTCduSRVWg4R...,,,,,,,,,,,,,,DBoeuAaioaQSqDMD4vwKUZLFcXyCS9S6tRfkENQXpump,,,,,,,2026-10-05 10:23:59,0.9307,24264364.170808,0.038359,,,,,,
Sell_Executions,,,,,,,,2ZRMLSVLnXtsK9...,,,,,,,,,,,,,,iTbVzEXiw7eC9ftbv5eNVCQUrY64AQLHCfgW4DGpump,,,,,,,2026-10-05 06:40:00,1.1794,25509855.284454,0.046231,,,,,,
Sell_Executions,,,,,,,,2CpXaW68JMzZsh...,,,,,,,,,,,,,,GGMm5EmstNMQh4tvR127joSzBDa5UeE4FkVYZZmtpump,,,,,,,2026-10-05 06:32:14,2.2631,25962888.773087,0.087168,,,,,,
Sell_Executions,,,,,,,,3tEWeRQWKehY24...,,,,,,,,,,,,,,GGMm5EmstNMQh4tvR127joSzBDa5UeE4FkVYZZmtpump,,,,,,,2026-10-05 03:49:50,0.9758,25962888.773087,0.037583,,,,,,
Sell_Executions,,,,,,,,2eETuUda6QrbeM...,,,,,,,,,,,,,,6DWHBW3R5NE2LUShJRbvDyi9GZ8Hz4EFFRgcfP3apump,,,,,,,2026-10-05 01:54:20,0.9766,11751914.7061,0.083097,,,,,,
Sell_Executions,,,,,,,,7jWCZQQQm7oFaa...,,,,,,,,,,,,,,6DWHBW3R5NE2LUShJRbvDyi9GZ8Hz4EFFRgcfP3apump,,,,,,,2026-10-04 19:10:58,1.1379,23503829.412199,0.048414,,,,,,
Sell_Executions,,,,,,,,5gPgZvB2t1U4PZ...,,,,,,,,,,,,,,nktiJ91NxzY8Dq1JB6YvZq97bpCiELxrRgBzwKupump,,,,,,,2026-10-04 18:43:20,1.6258,51548475.272386,0.03154,,,,,,
Sell_Executions,,,,,,,,pXQ27DrhZ6RqvQ...,,,,,,,,,,,,,,kgLfVJiPwuEXXQBcY2AV3zh6MCkJvZfWLcNHjHJpump,,,,,,,2026-10-04 08:52:01,1.3783,25511156.161965,0.054029,,,,,,
Sell_Executions,,,,,,,,2ETXrX16paseeP...,,,,,,,,,,,,,,waW5EVqWFtDVpwoudzYQxCoP8DCFUz91trdyg2Zpump,,,,,,,2026-10-04 08:50:43,1.3829,25599670.165256,0.054022,,,,,,
Sell_Executions,,,,,,,,1Q5VEvfV5TMWp7...,,,,,,,,,,,,,,6WbiJtjXoNpLH6GhSvDX4HqRUN3ShQgxsk56Synpump,,,,,,,2026-10-03 20:14:28,1.006,25633685.011953,0.039245,,,,,,
Sell_Executions,,,,,,,,zodCGi3s23M2ZL...,,,,,,,,,,,,,,G7UJPfu4Xh4Lv5H1ETmwn1Q9uMScw3GSFgBqzKppump,,,,,,,2026-10-03 15:23:37,2.3416,24996739.31955,0.093678,,,,,,
Sell_Executions,,,,,,,,5fYQetBccboQNS...,,,,,,,,,,,,,,yjzc1AyMT4KX84WpsYEF2MT5bwXiA7nY3yBVRVgpump,,,,,,,2026-10-03 14:21:52,1.2322,26099228.247095,0.047214,,,,,,
Sell_Executions,,,,,,,,2WS8U8oJ1uvQLX...,,,,,,,,,,,,,,tCHCHiqVVcsL69ab94xGHV8zdpKyFYNiz92Behjpump,,,,,,,2026-10-03 14:14:59,0.9051,23646673.539739,0.038276,,,,,,
Sell_Executions,,,,,,,,21KzqmFbtWc6re...,,,,,,,,,,,,,,6BfTBNYJcZW9AnxRQ7aAx4Luf2K4BpmWpR7FWTPZpump,,,,,,,2026-10-03 14:11:16,0.6554,26021300.714549,0.025187,,,,,,
Sell_Executions,,,,,,,,34zMUj4qW7fng8...,,,,,,,,,,,,,,zzmUs44ZwUZK6MAnJh3M61vL4YcJGZLzkRVmxhFpump,,,,,,,2026-10-03 07:43:34,0.9651,24903223.123274,0.038756,,,,,,
Token_Age_Basis,,,,,,,,,,,,,,,GOIF,,,,,,,ViKiUNWGrkub...,,,,2026-10-09 15:09:16,1.0249,,,,,,13546.5,,,,,
Token_Age_Basis,,,,,,,,,,,,,,,GOIF,,,,,,,AQ7A9nsCcrfb...,,,,2026-10-09 13:18:25,1.0249,,,,,,2718.7,,,,,
Token_Age_Basis,,,,,,,,,,,,,,,USDF,,,,,,,HQowBX7JqXUE...,,,,2026-10-09 11:17:41,1.0249,,,,,,3055.0,,,,,
Token_Age_Basis,,,,,,,,,,,,,,,USDP,,,,,,,Hv2UnbVSjV9k...,,,,2026-10-09 05:26:10,1.0249,,,,,,1175.1,,,,,
Token_Age_Basis,,,,,,,,,,,,,,,SI276,,,,,,,DgrnPbwNC2s2...,,,,2026-10-09 02:47:36,1.0249,,,,,,1490.5,,,,,
Token_Age_Basis,,,,,,,,,,,,,,,SARP,,,,,,,W7LjdSHiGM6n...,,,,2026-10-08 15:31:48,1.0249,,,,,,1335.6,,,,,
Token_Age_Basis,,,,,,,,,,,,,,,D O T F,,,,,,,GkNBBV3TstnL...,,,,2026-10-08 03:20:11,1.0249,,,,,,2959.1,,,,,
Token_Age_Basis,,,,,,,,,,,,,,,ATFS,,,,,,,rtyCb78V7G3y...,,,,2026-10-07 23:28:52,1.0249,,,,,,2836.6,,,,,
Token_Age_Basis,,,,,,,,,,,,,,,XRPN,,,,,,,mHinvysGkV4Y...,,,,2026-10-07 23:21:13,1.5341,,,,,,1931.7,,,,,
Token_Age_Basis,,,,,,,,,,,,,,,SARP,,,,,,,Ph1ie3e4aMXC...,,,,2026-10-07 17:18:07,1.0239,,,,,,2348.7,,,,,
Token_Age_Basis,,,,,,,,,,,,,,,DOTF,,,,,,,RvkFYybWAGhg...,,,,2026-10-07 13:10:55,1.0259,,,,,,6429.1,,,,,
Token_Age_Basis,,,,,,,,,,,,,,,GOIF,,,,,,,Bm7Uxam9efqL...,,,,2026-10-07 08:04:41,1.0239,,,,,,1809.6,,,,,
Token_Age_Basis,,,,,,,,,,,,,,,GOIF,,,,,,,nZbPjCn4GJcL...,,,,2026-10-07 04:48:07,1.0219,,,,,,11756.0,,,,,
Token_Age_Basis,,,,,,,,,,,,,,,D O T F,,,,,,,4cYJ8eGZaKMF...,,,,2026-10-07 04:42:29,1.0219,,,,,,1358.4,,,,,
Token_Age_Basis,,,,,,,,,,,,,,,USDF,,,,,,,tYLAYuNEJbuv...,,,,2026-10-07 04:13:08,1.5271,,,,,,11695.1,,,,,
Token_Age_Basis,,,,,,,,,,,,,,,AROS,,,,,,,VEnbFNs7yCnN...,,,,2026-10-07 04:13:03,1.0219,,,,,,13629.4,,,,,
Token_Age_Basis,,,,,,,,,,,,,,,UDR,,,,,,,PUXx1iSexu15...,,,,2026-10-07 02:06:41,1.0219,,,,,,1403.3,,,,,
Token_Age_Basis,,,,,,,,,,,,,,,,,,,,,,fSK8y3f3Hz1m...,,,,2026-10-06 12:01:45,1.0164,,,,,,,,,,,
Token_Age_Basis,,,,,,,,,,,,,,,UDR,,,,,,,5iURQEWL4Ncb...,,,,2026-10-06 07:58:13,1.5291,,,,,,1057.5,,,,,
Token_Age_Basis,,,,,,,,,,,,,,,ATFS,,,,,,,HE2kCYoqisUp...,,,,2026-10-05 23:54:49,1.0199,,,,,,2659.9,,,,,
Token_Age_Basis,,,,,,,,,,,,,,,DOTF,,,,,,,tY5KSvxu3iBM...,,,,2026-10-05 14:03:24,1.0199,,,,,,1999.8,,,,,
Token_Age_Basis,,,,,,,,,,,,,,,,,,,,,,FsJAn2icHwMM...,,,,2026-10-05 04:01:49,1.0199,,,,,,,,,,,
Token_Age_Basis,,,,,,,,,,,,,,,SARP,,,,,,,GGMm5EmstNMQ...,,,,2026-10-05 03:47:30,1.0199,,,,,,3106.8,,,,,
Token_Age_Basis,,,,,,,,,,,,,,,XRPN,,,,,,,iTbVzEXiw7eC...,,,,2026-10-04 19:39:24,1.0204,,,,,,2329.8,,,,,
Token_Age_Basis,,,,,,,,,,,,,,,WOTF,,,,,,,6DWHBW3R5NE2...,,,,2026-10-04 17:58:41,1.0199,,,,,,5633.8,,,,,
Token_Age_Basis,,,,,,,,,,,,,,,DOTF,,,,,,,SH6SfUf5pPbd...,,,,2026-10-04 14:33:04,1.0199,,,,,,1673.0,,,,,
Token_Age_Basis,,,,,,,,,,,,,,,GOIF,,,,,,,apy9dR4PyLzq...,,,,2026-10-04 07:41:08,1.0204,,,,,,1087.2,,,,,
Token_Age_Basis,,,,,,,,,,,,,,,SARP,,,,,,,6WbiJtjXoNpL...,,,,2026-10-03 19:55:41,1.0209,,,,,,2499.5,,,,,
Token_Age_Basis,,,,,,,,,,,,,,,,,,,,,,6bcjVdK2k9AS...,,,,2026-10-03 09:05:45,1.0164,,,,,,,,,,,
Overall_Summary,,,,,,,,,,,,,,ربح 🟢,,,,,,,,,,,,,,,,,,,,So11111111111111111111111111111111111111112,31.1647,53.0178,73.0,21.8531
